representation,variant,mean_auc,std_auc,ci_low,ci_high
concat,full_k5,0.39722222222222225,0.09244200717940962,0.24584648162757364,0.48219063545150503
kg,bipartite_k5,0.39722222222222225,0.24347186569030113,0.261106289660321,0.49498327759197325
kg,full_k5,0.39166666666666666,0.12203268131382665,0.2978175584929667,0.5427854308390023
kg,subject_only_k5,0.513888888888889,0.16167287120587245,0.3493867448490251,0.6053919408538972
pca,baseline,0.41944444444444445,0.12123973801552887,0.28497034368070956,0.5321178479143596
raw,baseline,0.41944444444444445,0.12123973801552887,0.28497034368070956,0.5321178479143596
