representation,variant,mean_auc,std_auc,ci_low,ci_high
concat,full_k5,0.6027777777777779,0.09244200717940965,0.5178093645484949,0.7541535183724264
kg,bipartite_k5,0.6027777777777779,0.24347186569030113,0.5050167224080268,0.738893710339679
kg,full_k5,0.6083333333333334,0.12203268131382664,0.45721456916099773,0.7021824415070331
kg,subject_only_k5,0.48611111111111116,0.16167287120587245,0.3946080591461026,0.650613255150975
pca,baseline,0.5805555555555555,0.12123973801552887,0.46788215208564043,0.7150296563192904
raw,baseline,0.5805555555555555,0.12123973801552887,0.46788215208564043,0.7150296563192904
