representation,variant,mean_auc,std_auc,ci_low,ci_high
concat,full_k5,0.4,0.08914892519934008,0.28160795383849696,0.5273787718114334
kg,bipartite_k5,0.4,0.1696492387178052,0.27813855683023236,0.5088618379198863
kg,full_k5,0.43611111111111117,0.24953660757195228,0.3127531179138322,0.5645359195402299
kg,subject_only_k5,0.513888888888889,0.16167287120587245,0.34938674484902504,0.6053919408538972
pca,baseline,0.41944444444444445,0.12123973801552886,0.2849703436807095,0.5321178479143596
raw,baseline,0.41944444444444445,0.12123973801552886,0.2849703436807095,0.5321178479143596
