representation,variant,mean_auc,std_auc,ci_low,ci_high
concat,full_k5,0.3972222222222222,0.09244200717940965,0.24584648162757364,0.482190635451505
kg,bipartite_k5,0.39722222222222225,0.24347186569030121,0.261106289660321,0.4949832775919732
kg,full_k5,0.39166666666666666,0.12203268131382666,0.2978175584929667,0.5427854308390023
kg,subject_only_k5,0.513888888888889,0.16167287120587245,0.34938674484902504,0.6053919408538972
pca,baseline,0.41944444444444445,0.12123973801552886,0.2849703436807095,0.5321178479143596
raw,baseline,0.41944444444444445,0.12123973801552886,0.2849703436807095,0.5321178479143596
