{
  "raw_auc": 0.5894444444444444,
  "shuffled_label_auc": 0.5666666666666667,
  "scores_inverted_auc": 0.41055555555555556,
  "labels_flipped_auc": 0.4105555555555555,
  "random_label_auc_mean": 0.5805555555555555,
  "random_label_auc_std": 0.0442704929180812
}